avg_dwell,std_dwell,avg_flight,std_flight,typing_speed,backspace_rate
0.09165271282196046,0.019154298330924246,0.10898041725158691,0.13194316759113006,5.774764543951544,0.02
0.09501972675323486,0.0456931042714583,0.114525399424813,0.13071178751180906,5.279709803670207,0.02
0.09333476066589355,0.046915715460801304,0.13751183237348283,0.14311243497102918,4.899909602402441,0.04
0.09405265808105469,0.04688252426681296,0.13669979849527047,0.14212541822189306,4.888427457684484,0.04
0.09155018329620361,0.04693506323183477,0.12207790308220443,0.13570352193313448,5.21271143258392,0.04
0.09054710388183594,0.04812914762847708,0.10283457401186921,0.09691868234064206,5.77992490114895,0.02
0.08493144035339356,0.022881589515678726,0.10802851653680569,0.10724524490075028,5.9267674765853835,0.02
0.08726317882537842,0.022034306442602108,0.10200233792149743,0.1010954697598696,6.0487925370982305,0.06
0.09210063934326172,0.06155986619883309,0.09456251942834189,0.10085832775658587,5.869878398481835,0.06
0.09354835510253906,0.06198152360364591,0.10136444228036064,0.1025921578845364,5.719820356655272,0.06
0.09037791728973389,0.06217989023592938,0.11791297284568228,0.12447331909421476,5.540744612591052,0.08
0.09593709468841553,0.07812598845518304,0.11465244514997615,0.11721879545454174,5.219591877410355,0.08
0.09395620822906495,0.07810215631322769,0.08814620417217876,0.10406587335479958,6.008813031984596,0.02
0.08954139709472657,0.05390247355816675,0.08837392330169677,0.10623696618341545,6.402431978480107,0.02
0.09016161918640136,0.05401881780356343,0.09914778500068479,0.14333263681362,6.498251749931064,0.02
0.09128411769866944,0.05381235823738152,0.09370930250300917,0.12814196243674325,5.977459400187611,0.0
0.085346999168396,0.024692733637596408,0.08279114816246963,0.1247930492497541,6.756815882991901,0.0
0.08719533920288086,0.02563309183736421,0.09393810062873655,0.12675108599800347,6.284946617938335,0.02
0.0849052619934082,0.02395713781409667,0.09720949899582636,0.12707280749757083,6.095659219853446,0.02
0.08454715251922608,0.02242051878632797,0.09374019077845983,0.10567692202404692,6.259954905323626,0.04
0.08553321361541748,0.021802691467566266,0.1009660278047834,0.11054927793148034,6.075464723431401,0.04
0.0841303014755249,0.021799981711097385,0.10296523003351121,0.10957045903966503,5.982100411106241,0.04
0.08307041645050049,0.022802564994090096,0.10832912013644264,0.11313649121465463,6.144771996989661,0.02
0.08073369026184082,0.022177136857553344,0.11000270313686794,0.11662911371906752,5.694721096470165,0.04
0.07896934509277344,0.024318889159110766,0.09793417188856336,0.10050196194725437,6.218190604476103,0.04
0.07781561374664307,0.024624241500601402,0.08649982346428765,0.08660160609447178,6.711786960727243,0.14
0.08243032455444337,0.04526202224237788,0.11043656667073568,0.1217665838720197,5.66538194914293,0.16
0.08071745872497559,0.045672085824323146,0.12583142802828834,0.13801097288641628,5.473989653578211,0.16
0.08216754913330078,0.04589222771750571,0.12560281520936548,0.1321023629012367,5.636272214528117,0.14
0.08183770179748535,0.04496740284730612,0.1211108820778983,0.13083785988004779,5.60909575867284,0.12
0.08144746780395508,0.04429206108196057,0.11581886949993316,0.13747903693230487,5.9378612326423585,0.02
0.07647196292877197,0.02328946423632527,0.10331292044032704,0.1190809736115341,6.066647284887564,0.06
0.07896248817443847,0.020527573711665168,0.10270495617643316,0.18386511758081642,5.749862007830212,0.06
0.08185818672180176,0.021788779050349476,0.10602072529170824,0.18999777673534524,5.9113962557218285,0.06
0.09057322978973388,0.05725282658692228,0.1340736707051595,0.21512399603679658,5.016829441453729,0.1
0.09066983699798584,0.05740401656111012,0.1521624830034044,0.22060247729654195,4.609023369725056,0.1
0.09021058082580566,0.05771769878194476,0.15907102823257446,0.22030952891028754,4.538248309019109,0.08
0.08708622455596923,0.05815225756351861,0.13870829885656183,0.15342574176285093,5.101295829826294,0.12
0.08375147342681885,0.058021459079427386,0.14396794637044272,0.16179126137539276,5.150551598339535,0.14
0.07645183563232422,0.021540703663386188,0.11729233763938726,0.13109443753424854,5.774692669973414,0.1
0.07902352809906006,0.02130764170006721,0.09576114741238681,0.10766071043392338,6.29652470238542,0.1
0.08000763893127441,0.01913668815333618,0.09242067011919888,0.10627967922831041,4.063788759378979,0.06
0.08249339580535889,0.019709717653339644,0.08487892150878906,0.10678049854248893,4.226030842025892,0.02
0.08256540775299072,0.023108553118093338,0.09353633456759983,0.10139032060478867,3.9963855626943237,0.0
0.07948867797851562,0.023154506840596435,0.11516630914476182,0.11281977340270559,3.6877002744737317,0.08
0.07944805145263673,0.026790695519661466,0.15161942326745323,0.1715418250102178,3.380340462170107,0.12
0.08336158752441407,0.029117594255079794,0.14499139785766602,0.1779580263959714,4.867344534717561,0.12
0.0868212080001831,0.036697282128479114,0.19104441536797417,0.19894985322276149,4.050935792028711,0.18
0.08739267826080323,0.034224251417186026,0.1764735742048784,0.19968766245603192,4.185493452572466,0.18
0.11744212627410888,0.13863090954028554,0.17201749483744302,0.20048831756657012,2.0015819654978815,0.1
0.11966830253601074,0.1380559399434059,0.14564405736469088,0.15567365446264517,2.095355693471101,0.06
0.11656748294830323,0.13888555909910727,0.14288519068462094,0.15013321124516008,2.1237139272016896,0.06
0.11197762489318848,0.13819900018928183,0.0872260672705514,0.08403213575968316,2.3781012368348553,0.0
0.11143215656280518,0.13863930911344546,0.08423527275643698,0.08412911530316633,2.397015745388948,0.0
0.08305945873260498,0.03569617337681377,0.08482973142103716,0.09408886515855532,6.63206835297895,0.02
0.07976267337799073,0.03400545548685197,0.08497775987137196,0.09437439949800994,6.844479915812145,0.02
0.0770854377746582,0.03213100574028419,0.089850946914318,0.08396684476433249,6.600331169723035,0.1
0.07434972763061523,0.030984741278392142,0.1087109020778111,0.08966043030597544,4.102439628329868,0.3
0.07858464717864991,0.0308562470132157,0.11483594504269687,0.09334304778279484,3.7892999119020003,0.32
0.07709047794342042,0.022516235766206837,0.10915505318414598,0.07903942065566118,4.030101232956329,0.3
0.07854509830474854,0.02361172811413963,0.11213672992795012,0.08757854480818997,3.8791424509127976,0.32
0.08566411495208741,0.02980000567772241,0.12347882986068726,0.16996180536298883,4.283496681296631,0.24
0.08830505847930908,0.02922139123443831,0.1208670457204183,0.17263458359646247,5.134225163009015,0.04
0.0849346923828125,0.029286353864263984,0.11149237914518877,0.17321608508293812,5.566159924488318,0.02
0.08574649333953857,0.02884114409168782,0.1051351091136103,0.16710823836725494,5.541286302240805,0.1
0.08931800842285156,0.0521669328244877,0.1095958466225482,0.1735334759041333,5.426678479769673,0.18
0.09531338214874267,0.0833744333897103,0.10555019908481174,0.11514755947399463,5.374306929306437,0.24
0.09771871566772461,0.08498492880646724,0.10473373390379406,0.10959238202217182,5.691500117770504,0.24
0.09764406204223633,0.08469356570236906,0.12490852867684714,0.11962598646068046,5.44113651473271,0.24
0.1092724609375,0.10047703608285552,0.1332557201385498,0.1291797712167751,3.886432982524013,0.2
0.10646643638610839,0.09093530364907584,0.13079687356948852,0.12228955414500685,3.981182766764002,0.16
0.09504575729370117,0.06343045742661593,0.11207139492034912,0.10967703654031888,4.286515346677104,0.1
0.09343847751617432,0.062482054530660115,0.10640186487242233,0.10619034027078567,4.3234335461592135,0.1
0.09304209232330322,0.06305086308680027,0.0913224008348253,0.09214165476437727,4.4857501874488435,0.1
0.08481044769287109,0.02766186445106496,0.08922888921654742,0.0804896595878357,6.201371589563064,0.06
0.08444524765014648,0.026513456015754354,0.09249293804168701,0.07678382945073566,6.354578378224908,0.0
0.08158613204956054,0.026456491457460613,0.10107353600588712,0.07635907262534714,6.135316729371866,0.12
0.08137891292572022,0.02287055328183057,0.11863206227620443,0.1074513070675171,5.554696939875174,0.2
0.08412549495697022,0.024193853691592503,0.11979537786439408,0.10941028143849507,5.563464045012139,0.2
0.08006425857543946,0.021409041351417517,0.13109259171919388,0.14127691147995547,5.73704166117146,0.2
0.077140793800354,0.0206717823758386,0.12898322741190593,0.14285859281704658,5.4649787872821936,0.24
0.08253790855407715,0.023168556093698656,0.1248657038045484,0.149392060629893,5.412113124217936,0.12
0.08102845668792724,0.023312268347399485,0.1038172949444164,0.1275373169716156,5.934993243173066,0.04
0.07954850196838378,0.02054450289883362,0.12159643173217774,0.14261615607368688,5.399853192315286,0.04
0.08040102481842042,0.020057017198377616,0.12946214459159158,0.13092935697613348,5.192668196704913,0.08
0.0811661958694458,0.020780847954003777,0.1249787171681722,0.11991158925732194,5.312103346737168,0.12
0.07900315284729004,0.018329787338859135,0.16502692388451617,0.17858323981764732,4.455797559381522,0.14
0.0800482988357544,0.020694020330560996,0.2588376131924716,0.36407033493173585,3.2952726290059546,0.2
0.08129189014434815,0.023149781266193967,0.2912748469862827,0.39178617239710267,3.110583400065616,0.26
0.0829367446899414,0.02236783351140377,0.30651942708275537,0.3942580536964558,3.0294873285744313,0.26
0.08340894699096679,0.02436827054880132,0.3359880089759827,0.4138447951529063,0.9094495453623929,0.2
0.08209806442260742,0.02491426355715147,0.2928665706089565,0.39574864586604913,0.9286086739667642,0.22
0.07999820709228515,0.023200930206480824,0.20790353275480725,0.24046734614531307,1.0046352773105216,0.16
0.07889020442962646,0.022858613458845302,0.17841976187949957,0.2012207906826372,0.9692696631345241,0.16
0.07854509830474854,0.023775412185284523,0.16658017181214832,0.2569831021353961,0.8278579518930255,0.12
0.07812167167663574,0.02138137884589601,0.14446425437927246,0.23531208788860794,2.2444949937101435,0.1
0.08022462844848632,0.02212651743281365,0.13087556528490643,0.2398959884396623,2.3355383434413124,0.06
0.08055968284606933,0.021199107150671623,0.12767161324966786,0.23615930114195355,2.350391184562629,0.06
0.0945082426071167,0.10810270364030176,0.13114568862048062,0.21804420939985691,2.5301102314585076,0.04
0.09200490951538086,0.10834629930295937,0.1017733324657787,0.09380662491605316,5.641114324726187,0.08
0.09160632133483887,0.10896193120519186,0.10744104828945426,0.09564808805495859,5.637007289167755,0.12
0.09006981372833252,0.10934214941514964,0.1336934621943984,0.11963931962897294,5.053856298457143,0.2
0.09586086750030517,0.10947649830829406,0.14839747973850795,0.13376709060843686,4.658003807336715,0.24
0.08557227611541748,0.037943924292104435,0.18030913472175597,0.28947142893092953,4.545566565539295,0.26
0.09466047763824463,0.04460084830676485,0.20500414622457405,0.3271435560904268,4.178014756069038,0.24
0.09754199028015137,0.04330954798419334,0.19990777969360352,0.33357392035960465,4.295981461059617,0.2
0.10099146842956543,0.04473264901850619,0.1852648589346144,0.33369241379541015,4.507733275968685,0.14
0.09741418361663819,0.04456818436648162,0.16955482959747314,0.32498764997531443,4.67545351900472,0.12
0.10904044151306153,0.11164253866527397,0.13391177905233284,0.1780823578850565,3.8071434043525003,0.12
0.10409708976745606,0.109502114535795,0.12668369911812447,0.14040733845481415,3.310063813941493,0.1
0.10711326122283936,0.10929291997939154,0.14188880920410157,0.14973154433532648,3.149629288317975,0.1
0.11088888168334961,0.10862153557926955,0.14450504183769225,0.148748222398427,2.701860610897297,0.08
0.11387279510498047,0.10798381016520218,0.12833490127172226,0.14752836923699,2.773397536425513,0.06
0.09595383644104004,0.02804490993597222,0.1142184853553772,0.14563415133520272,3.7279357352594515,0.06
0.09534641265869141,0.0277356526800846,0.1277379556135698,0.1356719743117329,4.144717347701225,0.08
0.08964787483215332,0.02593287807145083,0.11329399997537787,0.11985282478976077,4.479004006634682,0.08
0.08406736373901368,0.01833507335677458,0.10771890216403537,0.11942921981144801,5.6751682029598305,0.08
0.08177528381347657,0.02058375974879024,0.12137780719333224,0.12439348026564831,4.446930662320511,0.08
0.08808296680450439,0.024782525245029198,0.11478323828090321,0.12313265454104054,4.535088411487513,0.02
0.08766152381896973,0.025035982694727323,0.11185652710670649,0.17452892813873447,4.578693066730215,0.0
0.0888522481918335,0.026934209544252404,0.10528786589459675,0.17837536028061068,4.816578596501575,0.0
0.08866581439971924,0.026847927416929596,0.10571855022793725,0.17710009625813256,4.770164345612732,0.0
0.08732380867004394,0.024794772558172355,0.10240150581706654,0.1679829798466709,5.803470915897889,0.06
0.08560853958129883,0.020846369191212962,0.1104639250299205,0.16530965374304815,5.426143240057611,0.14
0.1080912446975708,0.14157084514873128,0.1109742154466345,0.10659531989679835,4.807176068755836,0.18
0.10863968849182129,0.1416869229402112,0.13836960082358502,0.1814976659104568,4.664874108688805,0.18
0.10867691040039062,0.14178290826942727,0.12615991653280056,0.18113834703098025,4.444762829639948,0.18
0.1076777696609497,0.14187695518163349,0.1195391727530438,0.18299974798237736,4.650777123569554,0.12
0.10216362476348877,0.1426793934912543,0.11436707708570693,0.18341313998728445,4.935320220939472,0.14
0.08773214340209962,0.04039826073553009,0.14515642232673112,0.2977713746509469,4.842672579117462,0.1
0.0867643404006958,0.03914321425467848,0.13439148267110188,0.2722339468009753,4.922659521339039,0.1
0.08620208740234375,0.03796684729029133,0.15610201018197195,0.28269709044572827,4.802964146215451,0.14
0.08571999073028565,0.03900135455289083,0.16292654636294343,0.2783424061569327,4.659196688739853,0.2
0.08945070743560792,0.03822949477018559,0.16838153572969658,0.27942935554573023,4.427953466321087,0.16
0.08207890033721923,0.01942830506082833,0.10538327693939209,0.14463176118710047,5.986741969112249,0.16
0.07861124515533448,0.018318436950680063,0.09846833140351051,0.09552678547463467,6.629478734714224,0.24
0.08141535758972168,0.021089940462856536,0.11151320669386122,0.15189377673962032,4.535031138614479,0.24
0.08563636779785157,0.024239146515997463,0.22488998824899847,0.33298470790624507,3.2874076941428205,0.24
0.0864357328414917,0.027181574549345847,0.2966640591621399,0.4371973931317203,2.824119806396581,0.18
0.08499051094055175,0.027297763225660916,0.32415295177035863,0.4234312134529163,2.4058875430164632,0.26
0.08785333156585694,0.027475717149317208,0.32676367656044336,0.42020950499639276,2.325837069033083,0.22
0.08554128170013428,0.02707620759157744,0.30965719324477176,0.40525090121225454,2.6824412969422142,0.18
0.08288691997528076,0.02283182677880965,0.20266883571942648,0.3177915916865646,3.641218495021407,0.12
0.09534661293029785,0.07507433088891878,0.1728020170901684,0.22916459693218608,4.253859133877662,0.12
0.09807243347167968,0.07453527761400985,0.18244989021964694,0.2675877889247329,0.00011484327783062519,0.04
0.095509934425354,0.07531357540028802,0.17651330882852728,0.26754674255006233,0.0001148427215144816,0.0
0.09947017192840577,0.07606039299057248,0.16655944614875606,0.2780346095627856,0.00011484293131288823,0.0
0.09886584281921387,0.07633555949199972,0.15389342308044435,0.28152955667138996,0.00011484312070658883,0.0
0.08274580955505371,0.02662565230864729,0.09986012890225365,0.17724938564769852,0.00011484375663437653,0.0
0.08160308837890624,0.02660897869114476,0.05994763741126427,0.05391054356841247,5.825827764566055,0.0
0.08448323726654053,0.024528190678919322,0.06753401878552559,0.11690369736059644,7.485430079246648,0.0
0.0793315601348877,0.02308699367142289,0.06936642527580261,0.11470584607337558,7.715310164259814,0.0
0.08305551528930664,0.024801731254282842,0.08222663708222218,0.12329520302882414,6.96752174144454,0.0
0.08579203128814697,0.02371284163502688,0.12277497743305407,0.1832230681763399,5.873616551273544,0.0
0.08543144702911377,0.023897113778112555,0.11871461990552071,0.18143141677539223,5.811394162424592,0.0
0.08318383693695068,0.024789325495917603,0.10629965097476275,0.14960446152096066,6.341476999841822,0.0
0.08257865905761719,0.02143101284086784,0.1126658465411212,0.1521291798545998,6.347532322170366,0.0
0.0812714147567749,0.021548918011985975,0.11229609118567573,0.15667800515503227,6.54416433755093,0.0
0.07959347248077392,0.022865437439095578,0.07709589871493253,0.06695790367924412,8.19715844619407,0.0
0.07775648593902589,0.02173779241867595,0.08485713005065917,0.06815311486359214,4.2264300244303,0.0
0.08017469882965088,0.021722359461796285,0.08246561358956729,0.07078267361620351,4.2286948759655605,0.0
0.081882905960083,0.021475153482183224,0.10977528645442082,0.11951645143975924,3.7492891035337896,0.0
0.07817049026489258,0.01908487080120352,0.09741111499507253,0.10963562652423439,3.832913951798962,0.0
0.07875318050384522,0.022513528846642514,0.09870498776435851,0.11026167283719307,3.834683682919476,0.0
0.07913978576660156,0.022080356287416687,0.11620283754248369,0.1156426597595773,6.4276186739898,0.0
0.07793533802032471,0.022590498929844955,0.11719615459442138,0.11319343153164113,6.058258601930367,0.0
0.07801292419433593,0.023120685996997764,0.10333737574125591,0.09731973249198671,6.844882029648627,0.0
0.0803590488433838,0.023000088382539387,0.10765539275275336,0.09925453845538329,6.889734878103404,0.0
0.07855720043182374,0.01772925246370545,0.10971257163257134,0.11877477632674968,6.39110301040885,0.0
0.08096621513366699,0.023000219573336356,0.09734132231735601,0.11709606319242208,6.535106465590687,0.0
0.08317419528961181,0.024431774681121326,0.09159333454935174,0.12238406750010054,4.445930695232531,0.0
0.0843824052810669,0.025534894691147208,0.07166942868913923,0.09985484006755786,4.941990608306232,0.0
0.08454482555389405,0.02694105852962404,0.0683800114525689,0.09822021296067314,4.953914454436857,0.0
0.08699258804321289,0.028699075865581698,0.06980995450701033,0.11572039130402942,4.896188139704996,0.0
0.084031982421875,0.027455009575028864,0.08405654494826859,0.13154033926537803,4.720320357099553,0.0
0.08231662273406982,0.025365595785585063,0.08984379510621766,0.12939164879186432,7.103643074886956,0.0
0.08035330295562744,0.0241189268538754,0.08797128383929913,0.12726914914582177,6.970777970853557,0.0
0.07844087123870849,0.025043694535540898,0.09651222981904682,0.12690423430099165,6.936302698022877,0.0
0.07656739234924316,0.021728702188486253,0.09043616997568231,0.09058922047103589,7.360490040437995,0.0
0.0774176549911499,0.022036137810125218,0.07159273764666389,0.053794333020777844,8.456075986105784,0.0
0.07823000907897949,0.02411083960934,0.0856750210126241,0.08188068802085718,7.525785970461224,0.0
0.07856179714202881,0.027105237470545235,0.10388516717486912,0.1041704367899835,7.002126695918544,0.0
0.08488297462463379,0.03237458593686749,0.10425740480422974,0.10981016982211339,6.563550136896594,0.0
0.08869057178497314,0.03490515209667424,0.10110217874700372,0.11229966664607044,6.989256754583722,0.0
0.0876054334640503,0.034348394697379256,0.10608741309907702,0.11721873486361359,2.5659798732617727,0.0
0.086802077293396,0.03430714122757998,0.10512812932332356,0.13972452462648505,2.5751149376403815,0.0
0.08444136142730713,0.03159826862931742,0.10922311411963569,0.14263317110658869,2.553024838206017,0.0
0.0817307186126709,0.023425262241758484,0.10469036102294922,0.1416977880010092,2.623337525615716,0.0
0.07968262672424316,0.019333858139612466,0.09344087776384856,0.1374900870690339,2.6322565673963663,0.0
0.08167450904846191,0.021024645364413782,0.08867067904085726,0.1329267972349186,7.607975540734763,0.0
0.0810045576095581,0.02021336681215424,0.09067992369333903,0.10619766631590605,7.860071042096418,0.0
0.0837637996673584,0.02084797085782148,0.08192074961132473,0.08023007438762841,8.198609488383642,0.0
0.08714903831481934,0.02322865544392787,0.08727083708110608,0.08845162669127744,7.165729779243182,0.0
0.0866695499420166,0.023476808433770615,0.09355993019907098,0.08692276466121271,6.8050506624773694,0.0
0.09040701389312744,0.024190861460038602,0.11837217542860243,0.16683981804533385,6.073484765968987,0.0
0.09113070964813233,0.02295026148975204,0.10221061581059505,0.16019406464425057,6.314357289880376,0.0
0.08414668083190918,0.028300874080272542,0.10175772309303284,0.15876324953478396,6.283699589737416,0.0
0.0755707550048828,0.02660788312438305,0.10794685000465029,0.15299799575967568,6.244169218715132,0.0
0.07404250144958496,0.027048890518210526,0.10821339629945301,0.15328629930086532,6.23513224226725,0.0
0.06911247253417968,0.02129492750413214,0.08645966778630795,0.07452501003708131,6.807920949957195,0.0
0.06879372119903565,0.02098210152905529,0.07987639639112684,0.07178127546187803,7.210115984376808,0.0
0.07631798744201661,0.018896178317803127,0.0684845664284446,0.06046671741869254,7.429046237696379,0.0
0.07880381107330323,0.018772980903006824,0.05305979310012445,0.046203412179966034,8.490708429233193,0.0
0.08042116165161133,0.01687513954407281,0.055039125680923465,0.04659791520962348,8.423778623557935,0.0
0.08013286590576171,0.016654901703195776,0.06372742652893067,0.061568885145695036,8.086165985349561,0.0
0.079279203414917,0.018199363225077477,0.08092905226207915,0.06738858343877605,7.223864208912101,0.0
0.08174697399139404,0.022262051422830175,0.08791618120102655,0.06560075682258341,6.6725057200578615,0.0
0.0857253360748291,0.024476150891623832,0.09662376698993501,0.0632673321372127,6.286999774559792,0.0
0.08438292026519775,0.02462394387741121,0.10254707119681618,0.0752268452061045,5.924338934634164,0.0
0.08584554672241211,0.024403599425503058,0.09679349793328179,0.07883751346798755,5.925843542168999,0.0
0.08830671787261962,0.0266885945549378,0.09075893674577985,0.07895370717025044,6.385933523687553,0.0
0.08135756015777589,0.025157054685056433,0.09148674233015193,0.07901134943354528,6.545389422599607,0.0
0.08007610321044922,0.0230425579849047,0.13110807267102328,0.2346314735253229,3.3563127266507187,0.0
0.08278253555297851,0.023047990248375824,0.12484471003214519,0.23734982009134645,3.487616847484082,0.0
0.08240247726440429,0.023550449419098674,0.1245725766206399,0.24252634588369826,3.5944223681437077,0.0
0.08190067291259766,0.020047730016472236,0.1091737456438018,0.23918212268341568,3.683108631694002,0.0
0.08364514350891113,0.01873607148203052,0.10809618518466041,0.23711645217247282,3.644861851585969,0.0
0.08017649173736573,0.019363241029358855,0.08613456430889312,0.15212835797451313,6.89321627175487,0.04
0.07903483390808105,0.020488591692292512,0.08654679808505746,0.15119809406853094,6.744843286546747,0.04
0.0802410364151001,0.020011632953146657,0.08637553995305841,0.15042416999001657,6.60448632882239,0.04
0.07766210556030273,0.018330025213469596,0.10015522109137641,0.14632824983892528,6.174804313817263,0.04
0.07779819011688233,0.018408885357560394,0.09365154902140299,0.14528892844400987,6.32100918312469,0.04
0.07636314392089844,0.018483845169329733,0.0799398422241211,0.0735242433293341,6.810853823981516,0.0
0.07744814395904541,0.020820873862242056,0.08721893483942206,0.076349187838752,6.834362888990291,0.0
0.07519847869873048,0.020634460974817456,0.1018225984139876,0.09196614260518504,6.352238024763754,0.1
0.07759371280670166,0.022273859792017018,0.10532899235570153,0.10632968113056501,6.210086540182166,0.16
0.07815217971801758,0.02349842053565996,0.11924712998526436,0.11881618946828353,5.834622287059025,0.24
0.08078908443450927,0.024685884596075795,0.13303118798790908,0.1373817329369693,5.455274143294644,0.3
0.07808221340179443,0.023737189310920465,0.13991617072712292,0.14910387530890964,5.1418126589215545,0.36
0.07934176445007324,0.02282952677445951,0.12259710099962022,0.14327847683423936,5.396262140934954,0.26
0.07684989452362061,0.022052253892263105,0.12340221405029297,0.13889167911917796,5.436273668985207,0.24
0.07738170146942139,0.021376350914739602,0.12172731486233798,0.13254017244159524,5.740329491286554,0.24
0.07900474548339843,0.021231759628341715,0.0980918354458279,0.10216230958435839,6.158231528729342,0.22
0.08010592460632324,0.01950051715605228,0.08315128939492362,0.06973631576837218,6.924063354714823,0.16
0.07659804821014404,0.02026367476470173,0.0925468455913455,0.0767037834967806,6.75488240817907,0.26
0.07875220775604248,0.021110739163649115,0.08613462226335393,0.07265347846589784,6.813106765600405,0.22
0.07723778247833252,0.020823411087367114,0.07495898140801324,0.0651136520574998,7.1186419851105915,0.14
0.07357169151306152,0.016663017050233094,0.07338735262552896,0.06700664597739993,7.386429636166692,0.1
0.07123205661773682,0.015478582748486291,0.0773352434237798,0.06690387215085211,7.086816502941644,0.18
0.07338311195373536,0.017845076489733082,0.07011015364464293,0.05593349888569323,7.364836770242175,0.08
0.07494195938110351,0.019694837021747253,0.0701119141145186,0.04882587057986239,7.663041498336487,0.08
0.07642089366912842,0.019520850214594508,0.07145592223766238,0.04994798435579618,7.59613430064197,0.08
0.07784900188446045,0.020932182656119465,0.08047342300415039,0.04966229860816013,7.415394693345443,0.14
0.07938625812530517,0.021248279022462516,0.0752423876210263,0.05347923341490951,7.8519324968455075,0.12
0.07998404502868653,0.019878704247559772,0.10136914880652177,0.11686765217367515,6.885518574613814,0.14
0.07741207122802735,0.016776683658769675,0.09093834104992095,0.11310610906542327,6.749303217938805,0.14
0.07918439865112305,0.01872910417117623,0.09541865757533483,0.11238796715650202,3.716806138407196,0.14
0.08271516323089599,0.021294422194274798,0.10028868251376682,0.11386792748221236,3.576005009659118,0.08
0.08492298603057861,0.023438017784126068,0.10324230426695288,0.11619544925034057,3.5522970067418456,0.06
0.08791176795959472,0.024814440815513743,0.08327049475449783,0.08657022684834614,3.7988439635138156,0.04
0.09351893901824951,0.03359521755735696,0.09802319662911552,0.08819731574188203,3.784029596942004,0.12
0.08835729122161866,0.03532852814097156,0.10389475261463839,0.09216599250870602,6.840967673959038,0.18
0.08660610675811768,0.03427080317104861,0.10044403637156767,0.09380769235953063,7.167605781682007,0.18
0.08703228950500488,0.032290482569449344,0.12006848567240946,0.13483483280267022,6.570948124416977,0.14
0.08554313182830811,0.0320019336876168,0.11554680726467034,0.12867893789822876,6.024940815064558,0.14
0.08061267852783204,0.020755183667882485,0.10940870573354322,0.13190466028422332,6.112809152517671,0.06
0.08382844448089599,0.01979770482445984,0.10248373313383623,0.12860840913273594,5.927591171587568,0.0
0.08171376705169678,0.018425911007927162,0.09387452494014394,0.12444708794743253,6.251625766946148,0.0
0.08369784355163574,0.02170788899496188,0.07186053015969017,0.07908760724089436,7.0363503656590325,0.0
0.08534335613250732,0.021124948097833298,0.07107452912764116,0.06485023247588093,7.179175887604642,0.0
0.08328251361846924,0.021561193627355736,0.06597555767406117,0.04840080704521828,7.305835793576082,0.0
0.08326300144195557,0.021033577423760347,0.06962824976721475,0.06100605267082234,7.375991729921382,0.02
0.08066941738128662,0.023405400515796215,0.08597345785661177,0.08841839303247026,6.747385111250911,0.12
0.07799779415130616,0.020120433619656986,0.09698709032752297,0.09612588623315418,6.323957155687224,0.14
0.07646512985229492,0.01962973850144224,0.10841762477701361,0.10285533588051696,6.077921008983484,0.22
0.07883779525756836,0.02098635584167103,0.1100709549216337,0.1111303598949234,5.909309965758637,0.22
0.08247458457946777,0.02645737045055737,0.10130091773139106,0.10829002636706501,5.953646738934025,0.2
0.08579615592956542,0.025860393130521814,0.09066731985225233,0.09938154843750041,6.297606053143318,0.1
0.08522171974182129,0.027197754758750414,0.07398327914151279,0.09111372202556368,6.7942502195741215,0.08
0.0834416961669922,0.02762528105017913,0.057758325754210006,0.07614547365161724,7.736910682530525,0.0
0.08125347137451172,0.028223339547063974,0.0625305233932123,0.06932001185394181,7.990613747820411,0.02
0.07759987354278565,0.025323344203510397,0.07367661060431065,0.07200901680710411,7.917141286341415,0.1
0.0745307445526123,0.024457725356422107,0.08380265831947327,0.09740672738200803,8.111072095010783,0.16
0.07607624530792237,0.02773687068308506,0.11264865649373908,0.11547960209228358,6.575290650990621,0.2
0.07687815189361573,0.02923278646172998,0.11759844986168114,0.1150488596217718,6.585806032142245,0.2
0.08195640087127685,0.03223853749071898,0.11314383068600216,0.11629796622702723,6.479526658693441,0.18
0.08096749782562256,0.034479359961007844,0.10401661145059686,0.11581989686096306,6.809972037949935,0.1
0.08403449535369872,0.032884451055374346,0.10497132507530418,0.10066860199827253,1.3722023226593523,0.1
0.08249907493591309,0.03018092824718803,0.09512961506843567,0.09390075358099771,1.3637767100728517,0.08
0.0805987548828125,0.028467842887679617,0.11370066709296647,0.11716456389189793,1.3257418734515523,0.18
0.0760198974609375,0.0249059554251401,0.12782758474349976,0.1303989124159565,1.296729969379357,0.2
0.07523966312408448,0.018376050815715816,0.13092660903930664,0.13034749153154737,1.2967160181087334,0.28
0.07546565055847168,0.02260581772556024,0.12339108640497382,0.12462293432786999,5.575139794406831,0.24
0.07597659111022949,0.024204541096241223,0.11503417547359022,0.11606124907922177,5.892889587729381,0.28
0.08144632816314697,0.031202805892136698,0.09471661870072527,0.0923174411191632,6.7502554015591025,0.18
0.08051730155944824,0.030187188910492768,0.0887644404456729,0.061963859033542006,6.897126698203907,0.24
0.08174769878387451,0.030661045011585637,0.09425266953401787,0.07412018427785143,6.471033055942485,0.2
0.08257121562957764,0.02928567494548657,0.0888427080110062,0.0719434479644584,6.547813983249864,0.18
0.0834156847000122,0.027334942158578616,0.08756014278956822,0.07234904242894051,6.729807604028722,0.12
0.08107837677001953,0.02170521393875615,0.09198568548474993,0.07935788353810694,6.549312042606105,0.14
0.08287675380706787,0.021338546432351023,0.08165302941965502,0.07695240500008979,6.704540579159987,0.06
0.08522320747375488,0.022579620398753695,0.07878053188323975,0.06540989839341942,7.047769322561188,0.02
0.08389791965484619,0.020964134803433468,0.07697197794914246,0.06396179868275084,7.276059502403562,0.02
0.08165392875671387,0.020196084743536256,0.07999172097160703,0.0662140780678454,7.049208243392695,0.04
0.07981944561004639,0.018581814773106185,0.10688959166061046,0.1392645337548805,6.070948935469535,0.16
0.08086377143859863,0.01794704431101531,0.1331579912276495,0.1590563036331345,5.434711315039249,0.18
0.08026334762573242,0.01723684658814101,0.12907889831897823,0.1577655273658205,5.4796868595084,0.26
0.08100529670715333,0.020840648385291965,0.12963421778245407,0.1561740624905252,5.31488324792924,0.36
0.08244150161743163,0.021716576043390747,0.12341366873847114,0.15506188410191488,5.367265299871461,0.34
0.08314927101135254,0.022351477147070115,0.10295764235563057,0.10066618809567336,6.1771336259870875,0.2
0.08175215721130372,0.023242036488688434,0.08435852961106734,0.056789995730985296,6.735412353360435,0.24
0.08261314868927001,0.02216395627434898,0.0851078521121632,0.07206267852894963,6.864922295334002,0.16
0.08221892356872558,0.018773397557232264,0.12318165037367079,0.12419814884808177,5.342557701809979,0.12
0.08330575942993164,0.020598437093707945,0.1761761044347009,0.25565804000202613,4.434423509951916,0.12
0.08520498275756835,0.019711921671891963,0.18808149207722058,0.2552168165597168,4.05164305498251,0.2
0.08822232723236084,0.01943686250465842,0.20139041401091076,0.2656749055307051,3.966757013397134,0.16
0.08673327922821045,0.022998204695991457,0.2003985892894656,0.26010441950162994,3.9236996207851726,0.24
0.08949413299560546,0.022747779502663972,0.17927426099777222,0.2619671240649242,4.38058816110389,0.22
0.09161921501159669,0.022118281938319172,0.1277635647700383,0.1252026444784234,5.384757869585738,0.22
0.08961432456970214,0.021751772160765116,0.1089082229428175,0.11719620080187279,5.794843797311111,0.16
0.08713827133178711,0.022088243913991088,0.12163812205905006,0.11494653665969333,5.648626185068334,0.18
0.087821044921875,0.018403850937246634,0.11930513381958008,0.11675454090600958,5.538965687789048,0.12
0.08749258518218994,0.0191101441681471,0.0978359344393708,0.10610666572511702,5.979153909259273,0.08
0.08460779666900635,0.01807597457925402,0.08981637954711914,0.10600248459969709,6.199439028383894,0.08
0.08728704452514649,0.018609416243008218,0.0922158332098098,0.10868578639408591,6.411796115992817,0.1
0.0890558671951294,0.02001550308807834,0.07610284714471727,0.08882986688465483,6.793254997264107,0.08
0.08749325752258301,0.02153612078617134,0.07863652996900605,0.08319431851394735,6.80573349764132,0.06
0.08281846523284912,0.023091294148032963,0.08841026396978469,0.0852914121848048,6.557862610696953,0.12
0.08374780178070068,0.027186924388694897,0.09359905196399224,0.08474206266194109,0.09384531977762778,0.12
0.086279878616333,0.03349638639769833,0.08716270798131039,0.07588939785350535,0.09391520515609107,0.08
0.09321416854858398,0.03883882644890475,0.07675470532597722,0.07207382714044169,0.09398026947798302,0.08
0.0967654037475586,0.03735237836627678,0.07156348872829128,0.07073333421237056,0.09398134162820562,0.1
0.10282044410705567,0.03497316426807179,0.06788340130367794,0.0675349561368477,0.09395804984310226,0.04
0.10274362564086914,0.03254942441744271,0.07149235622302906,0.066382829476645,6.780833573382879,0.04
0.10022720336914062,0.03156169085499658,0.07128353495346873,0.06295396033469307,6.8184782779742505,0.04
0.09412888050079346,0.026492927325367437,0.0723045123250861,0.056136766791508634,7.052134328276901,0.02
0.09292880535125732,0.029824036609722406,0.0833025480571546,0.06808160548501817,6.7537368612787025,0.04
0.09171685695648193,0.031186463648281947,0.08605660332573785,0.07315951885987958,6.812938551131069,0.08
0.0898852825164795,0.030713858572659725,0.10799163229325238,0.09503585643017788,6.813012254606393,0.08
0.08501248836517333,0.028100483973526075,0.1195035733674702,0.09541354813707598,5.8999213485235495,0.14
0.08724824905395508,0.02814915930774568,0.12879002416456067,0.09372511306171306,5.958241521649024,0.14
0.0858916997909546,0.0260680432604318,0.11544956659015856,0.08929226737839678,6.144197166327037,0.14
0.08445725917816162,0.023142552252162156,0.11278624534606933,0.08727901712013143,6.092347424557469,0.14
0.0856605339050293,0.022532463419625146,0.09623737562270392,0.06877796135213332,6.340418486872808,0.16
0.09185496807098388,0.02264829435422298,0.08784994712242714,0.07213526444290674,6.88633139307414,0.1
0.08734703540802002,0.02126759046377715,0.08315058854910043,0.07991545252947806,6.853474639537284,0.12
0.09116369724273682,0.02129351993865556,0.10632208066108899,0.14177428412525434,6.054464462826189,0.08
0.09629923820495606,0.025648840510615296,0.12747538411939466,0.15134451946829985,5.5658458590069335,0.04
0.09578229904174805,0.0264945241049416,0.13640285900660923,0.15740111842722537,5.542217816841048,0.04
0.08990536212921142,0.026571674573578587,0.1357300030557733,0.14620765799179528,5.493536616653174,0.06
0.09046571254730225,0.02843797552375339,0.12325503826141357,0.14039603026403522,5.499764657554451,0.04
0.086654314994812,0.02741708238466305,0.10288896058735095,0.08869235725374573,6.415617902357579,0.06
0.08044026851654053,0.02416662439048501,0.09258650478563811,0.07531290277857121,7.1706030549547055,0.12
0.07778231143951415,0.024203169561945473,0.08395546238596846,0.06608280588474803,7.080858659186508,0.14
0.0771170949935913,0.023420597330766815,0.08621223379925984,0.07512348315974306,7.043104335070831,0.2
0.07429054260253906,0.022862703363745875,0.09865407716660272,0.09071925129997725,6.535886725740941,0.2
0.07444756507873534,0.023304883813448342,0.09039736877788197,0.09108974800285363,6.6653466189881545,0.18
0.07644234180450439,0.01954499859291634,0.09680435392591688,0.09527911726903357,6.252961704742118,0.12
0.07888884544372558,0.020676524564159363,0.09421171925284645,0.10149167339894095,6.256682298288458,0.08
0.08056725025177001,0.020993250488696037,0.08645786709255643,0.09635202735768619,6.494087170468704,0.08
0.0878586483001709,0.02643385414288145,0.0818956175515818,0.0905125628789811,6.671005315709245,0.18
0.09060214996337891,0.029794715577389046,0.08273670219239734,0.09108294803453432,6.535657577556614,0.18
0.08718258857727051,0.03118794298809553,0.08813930666723917,0.10558452800322608,6.467359977850358,0.24
0.08680516242980957,0.031888653894565175,0.09197754519326347,0.10061756408867156,3.0713452845649987,0.28
0.08630342960357666,0.031844691422459284,0.09548783302307129,0.10520517998799896,3.0813795357480753,0.24
0.08020039081573486,0.025640744054262237,0.09720272421836854,0.1061891589007937,3.1826412116518963,0.2
0.08172673702239991,0.028733531733167568,0.10550750218904935,0.10319564790510173,3.0897773690196937,0.26
0.08682190418243409,0.0295000725653408,0.08601807885699803,0.07890458497642122,3.2734938223877292,0.2
0.0885777235031128,0.029306956289129386,0.09167577823003133,0.08161078534793416,7.01096981797338,0.16
0.09118719577789307,0.03410485072465143,0.08083224977765764,0.07380475799859526,7.3882665568054335,0.12
0.09047699451446534,0.03532721129092766,0.07909767692153519,0.06909595639644045,7.388633842324101,0.14
0.08341661930084228,0.030607806337911138,0.07941773063258122,0.07226822351048517,7.54082962602749,0.08
0.07972378730773926,0.03082605464594396,0.10118083357810974,0.11684573802393458,6.706709568588036,0.16
0.07789941310882569,0.02974135275253466,0.09865208466847737,0.11397399320387401,6.623213910735085,0.18
0.07793515682220459,0.02357042182114863,0.11311644177104152,0.1357433642922519,5.880314467752486,0.22
0.08273922443389893,0.023843838710693312,0.14760751724243165,0.27701275278380594,5.079069347497573,0.14
0.0852269744873047,0.0241795026937673,0.1434714078903198,0.27720237827844824,5.1383115070969465,0.14
0.08443608283996581,0.02429987224149056,0.12748935348109194,0.2718051597814681,5.882902427703752,0.06
0.08332032203674317,0.024460932819846192,0.1282665407335436,0.27481052535616113,5.833834449447369,0.1
0.07982194423675537,0.024447324831240496,0.11734428276886812,0.26271319450665376,6.300652810881932,0.06
0.0784073543548584,0.022338376860726664,0.08634566005907561,0.06642199750107569,7.2163396092929535,0.08
0.07729010105133056,0.02186074075499578,0.11890026142722682,0.13028120669792817,6.281575395980892,0.12
0.07950861930847168,0.021717249710228648,0.11078532934188842,0.1245389810746065,6.165815667410431,0.12
0.08351432323455811,0.02499686549418307,0.11086313724517823,0.1259549196491249,6.087412624965059,0.12
0.08746609210968018,0.02429443905783161,0.12181482315063477,0.16764665605269657,5.607576294543644,0.12
0.09133837699890136,0.030913484897317652,0.1158322535063091,0.17066743405427193,5.8560361150225315,0.1
0.09259597301483154,0.030192971117111108,0.08985076195154434,0.12654429521111635,6.550141934442485,0.06
0.09143614768981934,0.030156099897654706,0.086176598072052,0.12553248369701686,6.582879413340649,0.06
0.08651756763458252,0.027542339368567488,0.09236084279559907,0.1280266568773709,6.385150744248491,0.04
0.08765315532684326,0.029549370327262913,0.09597953771933532,0.08166948512714357,6.554462321449166,0.06
0.08285862445831299,0.0224972459565965,0.15790735539935885,0.1887341060723552,2.539196473637429,0.1
0.08603147983551025,0.02506841149076644,0.19377499673424697,0.20603831728786232,0.09489785923706696,0.1
0.08778279304504394,0.025608309647034897,0.24134407973870997,0.2227379104482312,0.0946549712305671,0.1
0.09135175704956054,0.024777548558319044,0.23727573156356813,0.22837105540669195,0.09456953960851193,0.06
0.0923008918762207,0.024822080328402316,0.23922969019690224,0.22849092222756348,0.09444051596270163,0.1
0.09680337905883789,0.026229475152246412,0.18429548241371332,0.1847781531691297,0.09655238232874187,0.06
0.09421478748321534,0.025539131901046494,0.14095716042952103,0.16928910140516867,4.70881037643301,0.06
0.09693805694580078,0.027335104658247466,0.1118312120437622,0.1353304856631612,5.6319094989542915,0.08
0.09586037635803223,0.028429816115405772,0.11508239187845369,0.13187820213177448,5.529576952896059,0.08
0.09445842742919922,0.029130419935340258,0.09431506991386414,0.10459630440673093,6.2814655175383205,0.06
0.09300745487213134,0.0289254011403053,0.08859180212020874,0.09813380556144029,6.498511307333818,0.06
0.09416874408721924,0.028357373506561367,0.09371203497836464,0.09792704715643472,6.519067278301721,0.06
0.09639508247375489,0.02795489544238801,0.07713052034378051,0.0665830509162328,6.673922692298867,0.04
0.10202714920043945,0.033916507576771726,0.07234251176988757,0.060268908378286544,7.00871413787785,0.04
0.09922882556915283,0.033110930104171064,0.06592701031611516,0.04938992678786795,7.17922037126785,0.04
0.09594159126281739,0.03183499643995424,0.05982191969708699,0.04423746809912788,7.37658326514211,0.04
0.09740423679351806,0.032653036742615035,0.06444732348124187,0.044341446080205196,7.015574952941014,0.04
0.09528623104095459,0.030476139573426403,0.07094190234229678,0.04615812582546231,6.778579135015792,0.04
0.0912894868850708,0.02311301161611033,0.08090322667902167,0.10503716291249594,6.3591803807699465,0.04
0.09192462921142579,0.02362073730965108,0.08621126413345337,0.10954277201743491,6.238508530400782,0.0
0.0949631118774414,0.027300671287656852,0.08979073592594691,0.11159765587478672,6.14622944869768,0.0
0.09259045600891114,0.02648884178544371,0.08781735102335612,0.11299131617104843,6.194871815473668,0.0
0.0926655912399292,0.028564407063345603,0.08661507424854097,0.1142237231657388,6.223889825487893,0.0
0.09282156944274902,0.031787940237805665,0.07564605474472046,0.06224360582042947,6.787464419774214,0.0
0.09296551704406739,0.0312982503689048,0.06697410803574783,0.05017022182736923,7.379802308123652,0.0
0.09182549953460693,0.030092766085181844,0.07087538693402265,0.054177000833127154,7.623726808119142,0.0
0.08898015975952149,0.030481176838008026,0.07209412047737523,0.049468731252185684,7.503235513427582,0.1
0.08756906032562256,0.028422986715350495,0.07232633615151429,0.05504762022814308,7.344741852436584,0.1
0.08275881290435791,0.02452611450110077,0.08260893240207579,0.061139671305704135,7.070168374796006,0.14
0.08679457664489747,0.029907969585901365,0.09463223030692652,0.08537568423987277,6.734276643878503,0.14
0.08907679557800292,0.02972420812282952,0.08966498761563688,0.08538625825090687,6.794203555135744,0.14
0.09637344360351563,0.03243357524320125,0.08826073010762532,0.0910422349712066,3.987986780087921,0.04
0.09867846012115479,0.03471172166045439,0.08998456001281738,0.08693798533486916,4.086469347826303,0.04
0.10766823291778564,0.036537981913783296,0.08117909614856426,0.08722809206571801,4.191404386445457,0.0
0.10915294170379639,0.036543993890515034,0.06257448593775432,0.040522634959532886,4.395547182799946,0.0
0.10906732082366943,0.03703133639082631,0.06179847887584141,0.04075855686258456,4.270577539799428,0.0
0.10565182209014892,0.03664709615306876,0.06980137825012207,0.05768438981716038,7.658245422658496,0.0
0.09914546966552734,0.037508678315736656,0.08187780235752914,0.07439585134675793,7.143652040999887,0.06
0.09452745914459229,0.032051172269991726,0.07822858203541148,0.07289522826692729,7.27886345227541,0.06
0.08871151447296143,0.02829681500494767,0.07331105282432154,0.0711437278411239,7.274499741820804,0.06
0.08483803749084473,0.0262031222692347,0.07479970706136603,0.06957728837922748,7.525497278386042,0.06
0.08079407215118409,0.02504156747095537,0.0738683235950959,0.06090866831174208,7.6854758076961405,0.06
0.085506010055542,0.026536244425157618,0.06401549445258246,0.042629739419773674,8.338055702365471,0.0
0.08464668273925781,0.025393846174065666,0.07603884965945513,0.07337123525745456,7.54034863800504,0.02
0.08831843376159668,0.031982360705690764,0.08069830621991839,0.0746062575220345,7.526813721165725,0.02
0.08998116970062256,0.032581414089251706,0.08270533157117439,0.07850004629334463,7.650640387338768,0.02
0.09157210350036621,0.031384815329127576,0.0848714272181193,0.09647126071594718,7.799097609026513,0.06
0.0864138126373291,0.030174740847243,0.0852983221411705,0.10037335626794724,8.079248096496446,0.06
0.08252175807952881,0.031858939983395534,0.06664255893591678,0.07661187424203506,8.698312458896504,0.12
0.07476035118103028,0.024074187959374466,0.07925401863298918,0.080339849587571,8.061488283512565,0.14
0.07255161285400391,0.02172305283439744,0.09117360711097718,0.08347699780666643,7.060327421256711,0.26
0.07231200218200684,0.02132747765970081,0.09547508304769342,0.07644329045765634,6.502091850691415,0.28
0.07305750846862794,0.02207701353964857,0.09578908526379129,0.07415650170855434,6.389664374679093,0.3
0.07327761173248291,0.021291139763214013,0.10508945195571236,0.07613694444799456,6.049429749158398,0.28
0.07517621040344238,0.019462121263174363,0.10008747842576769,0.07989063048574244,6.273012089853413,0.34
0.07335699081420899,0.01914684629374254,0.11682037873701616,0.11996548987159002,5.881669279056649,0.3
0.07259551048278809,0.018968802712143056,0.11382017135620118,0.12284038793267306,5.8980581186327665,0.24
0.07290282726287842,0.01863753411117895,0.12132335792888295,0.12411367392900763,5.8667840274128205,0.28
0.07662254810333252,0.020915201332923336,0.11895922422409058,0.12925498824239767,6.081219250312216,0.22
0.07993496417999267,0.023479584370850556,0.12034690380096436,0.13052875484738047,6.34216126218309,0.14
0.08168119907379151,0.02310811660560562,0.08731421828269958,0.08624562049010785,6.98781635736908,0.14
0.08494137763977051,0.026126527354727053,0.07834062450810482,0.07459349350661676,7.365699436970497,0.14
0.08601589679718018,0.02541858785562591,0.08418021704021253,0.08714706232452546,7.0971640305788775,0.16
0.0846785306930542,0.024857129214899694,0.08258445489974249,0.08130431836748264,6.777620696894452,0.16
0.08171273708343506,0.023711478105655357,0.08205511895093051,0.08308240075275718,6.6331927158336494,0.18
0.07986985683441163,0.023779765815181906,0.10690833301078982,0.11497144752833417,6.27732022812469,0.16
0.07727749347686767,0.021349875187869342,0.11887153183541647,0.12300159114259261,5.943932008386997,0.18
0.07293348789215087,0.02271272826652773,0.11274016471136183,0.12045240878523329,6.1777000778740305,0.1
0.07537297248840331,0.023028307813609764,0.12219900053900641,0.12509196367696998,4.1098749216813975,0.1
0.07704653263092041,0.023952994284135266,0.13232527176539102,0.1305995173868176,3.965180111727538,0.1
0.08034204959869384,0.02619808105904302,0.11617609527375963,0.10990568681993305,4.162241504487462,0.1
0.0826912546157837,0.026341203001696335,0.12710682121483055,0.1412188057055042,4.116626954335939,0.14
0.08850659847259522,0.02709288043659293,0.15274755822287667,0.26621718920566123,3.5943971095531912,0.14
0.09072788238525391,0.029729734815733103,0.14871546294954088,0.26767498167257386,5.276353317354127,0.14
0.09048319339752198,0.03014326915506411,0.13883407910664877,0.2639746338615492,5.4384052152211515,0.12
0.0932409954071045,0.03173617800662655,0.13447987332063563,0.27169408657282007,5.661030457996539,0.06
0.09061920166015625,0.031111668508735358,0.10327738874098834,0.2512194262913826,6.66385959614091,0.0
0.09168814659118653,0.030913576775537046,0.0649214098530431,0.060577772939227836,8.13274816434065,0.0
0.08737430572509766,0.029809585618986268,0.05902483728196886,0.05793161443149851,8.25598127488622,0.0
0.08815237045288087,0.029218404550311126,0.0604907717023577,0.056682206698735055,8.368257068270532,0.0
0.08607085227966309,0.02464036215147856,0.0543877261025565,0.04365135047113451,8.544623946860773,0.0
0.08917594432830811,0.0259406917954459,0.057674350160540955,0.043762906571052355,8.568856291368702,0.0
0.08434702873229981,0.0228554466668449,0.05466992604105096,0.04177072960117613,8.50751101575889,0.0
0.08238929271697998,0.020930734032709397,0.06093501433348044,0.04245375171956734,8.143438702776285,0.0
0.07882105827331543,0.0207097355546165,0.056837017943219444,0.03889327975697396,8.353457985350921,0.0
0.07834126949310302,0.020894028281820503,0.06537390838969838,0.05830977911705875,7.867937776138691,0.0
0.07660476684570312,0.018453131612244964,0.06827546791596846,0.06971776149714241,7.507795799318598,0.0
0.07857394695281983,0.02118255140101305,0.07016957373846144,0.07092903792953172,7.499042752387612,0.0
0.08260316848754883,0.023169054427048176,0.07145259493873232,0.07786827158879303,7.330287482335358,0.0
0.08673542499542236,0.023841567586464846,0.0789666350294904,0.088708097131861,6.843001883369569,0.04
0.08668654441833495,0.026795123488553105,0.07873581647872925,0.08065595061137583,6.910086162561949,0.04
0.08972826480865478,0.02954313615554551,0.07890973946987054,0.0731509500522842,7.119222687470988,0.1
0.08784854412078857,0.02841454425235984,0.08795816898345947,0.08430459050432453,6.941146783658713,0.1
0.08400270462036133,0.028496286612922018,0.09257225501231658,0.08256860849071863,6.977216000481216,0.14
0.08156387329101562,0.027257985408992876,0.09628027081489562,0.08691421442803324,6.610229213967067,0.12
0.08208240985870362,0.02656191809052225,0.09200904965400696,0.0859351746170634,6.707340202405628,0.12
0.0832793664932251,0.029862429777899702,0.10133220509784978,0.11433227409927071,6.8076959758558235,0.06
0.08880845069885254,0.032041102107036104,0.09142446517944336,0.10934492733800681,6.564443229381833,0.12
0.09156145572662354,0.0321424444109995,0.08369057046042548,0.1115298090448828,7.172635420708534,0.08
0.09663111686706544,0.03325686559573541,0.15555653721094131,0.30681536087239497,3.135616092765166,0.08
0.0984383249282837,0.03369503289141322,0.15538700934379332,0.31242578508182395,3.1312258838801035,0.08
0.09233362197875977,0.031090174793136745,0.1381025675571326,0.29411654452637026,3.2231279199026694,0.14
0.0928478193283081,0.031647634548031905,0.1540315973347631,0.311406395994492,3.2671995892569363,0.08
0.09354779720306397,0.030666492872472355,0.14859153378394344,0.30116615996296386,3.241930304199639,0.08
0.08710938930511475,0.029287852688374357,0.07277556727914249,0.06897497080757653,8.358922123968936,0.06
0.08548810005187989,0.02749563653559076,0.08472956929888044,0.07238995069298865,7.345929679643302,0.1
0.08540357112884521,0.02632699482376053,0.07901242119925363,0.06754661079987148,7.697109249445303,0.04
0.08025142669677734,0.022767180315766477,0.0755164623260498,0.06492185971565219,7.4261872079404085,0.04
0.07999217987060547,0.022888014507938276,0.08283267951593166,0.07871212269380036,6.963016676826555,0.08
0.08120299339294433,0.022642265483555045,0.08142081702627786,0.0752887583104364,6.991528362011302,0.08
0.07761054515838622,0.020349507748019434,0.06668787778810013,0.06976946959019434,7.573241606851001,0.04
0.08180848598480224,0.026758701024007604,0.07062240839004516,0.0728958641875421,7.440073346639823,0.04
0.08257562160491944,0.027405705329658896,0.07220309972763062,0.07394961041142205,7.408134835378942,0.14
0.08052565574645996,0.02794477830286361,0.06386638879776001,0.05898486191938179,7.990261198594807,0.1
0.08232763290405273,0.029420567962659284,0.05604428511399489,0.04881881926050508,8.47221897349438,0.1
0.08620603084564209,0.0308070577370105,0.05877381402093011,0.053059279001748894,8.400321744653615,0.1
0.07969196319580078,0.0274953998489674,0.0657270908355713,0.060042112199043575,7.957247219671075,0.14
0.07861942291259766,0.02572187892726493,0.07211749146624309,0.062186896489208596,7.808573423046855,0.04
0.07677453994750977,0.025478314994047745,0.08969850540161133,0.08762625791380357,7.092720572103304,0.08
0.07556858539581299,0.023378541449393036,0.09204995922925996,0.08642446176533956,7.007583446768096,0.08
0.07458563804626465,0.020983087339282027,0.0960377251229635,0.08272144138226437,6.736708797651773,0.08
0.0776689338684082,0.019797453100498505,0.0920966369349782,0.08109662347088631,6.9100832026405214,0.08
0.07520717144012451,0.020671575930406732,0.08593151046008599,0.07947901806016455,7.233850005039527,0.08
0.0784541130065918,0.020183389582588234,0.06971586346626282,0.047483141865188865,7.903650143845805,0.04
0.0800098466873169,0.023038047021316232,0.07131860653559367,0.04756092534190066,8.401322898126942,0.04
0.07766456604003906,0.024665919980605393,0.07105040550231934,0.052876766700778684,8.361904092043975,0.08
0.07636106014251709,0.024913061182722594,0.06749128667931807,0.053148652161436515,8.40909693285885,0.1
0.08338744163513184,0.027010487902751585,0.08516983191172282,0.09010706852210636,7.537507614235821,0.1
0.08021948337554932,0.028849567611930804,0.08558742623580129,0.08828638623395672,7.379784649070223,0.1
0.07719085693359375,0.026236526901738742,0.08523079960845238,0.08463108190558866,7.009316166599737,0.18
0.0788556957244873,0.030222624890855043,0.0946326588475427,0.09533490245346099,6.447321149302187,0.22
0.08096505641937256,0.03330798750544916,0.09947631472632998,0.0968791702085538,6.35179147668327,0.2
0.07682122230529785,0.03154496490540193,0.09227658453441802,0.08191219933086442,7.034996925221357,0.2
0.07607903957366943,0.029854724326707698,0.0945133552994839,0.08053360280190748,6.616551942856822,0.28
0.07840667724609375,0.031670603873148934,0.10292298977191632,0.10993611343746455,3.8671049977704444,0.2
0.0761471700668335,0.02607830246687031,0.10189634997670244,0.10703426429500586,3.7958117149590027,0.16
0.07489561080932618,0.02185849771885908,0.10680584791229993,0.11169888887149533,3.759575960607806,0.14
0.07309321403503417,0.020785081421970827,0.11025000200039003,0.11294912591709308,3.802596896591421,0.14
0.07619525909423829,0.021392181463302518,0.11316633224487305,0.11460422007997845,3.7320074710904723,0.12
0.07863905429840087,0.02212080503725187,0.09551298895547557,0.08825655791660776,6.448123212520395,0.12
0.08560068607330322,0.026884265580993022,0.08600289393693973,0.07926074017422549,6.864632643731618,0.08
0.0895665168762207,0.02702488869432516,0.0812542255108173,0.07885078873099613,6.880452905056567,0.06
0.09314795970916748,0.025436233676397732,0.07025603147653434,0.06495347484532901,7.208106672796608,0.06
0.09560871601104737,0.02796641226620636,0.06977330027399836,0.06646450316574602,7.108754398201795,0.0
0.09389712810516357,0.027537772421000452,0.07453887713582892,0.06793650826404822,6.926336468068832,0.08
0.09120165824890136,0.02447112999529045,0.07532753944396972,0.06532212807346517,6.854559726637614,0.08
0.08682259559631347,0.024067453643630523,0.07359842658042907,0.04916821487691316,7.255385808054742,0.16
0.08442240238189697,0.024360153136710045,0.0801750799504722,0.06581416576403218,7.070298043887759,0.2
0.08014210224151612,0.020141153485013424,0.08177399635314941,0.06511468020188114,6.725359804722791,0.2
0.0810020112991333,0.023410568322958018,0.08909369082677931,0.06886154040297643,6.719168500847493,0.12
0.07895972728729247,0.02521029794109853,0.10013748959797185,0.08260078644822318,6.788609351390696,0.12
0.08157177925109864,0.028758100682501207,0.11235423204375476,0.09321983146109705,5.927550793972788,0.16
